filename,min_silence_ms,human_end,premature_endpoint_count,premature_endpoints,final_vad_end,endpoint_delay_seconds
hamza_en_s01.wav,100,3.300730153284488,0,,3.6,0.29926984671551216
hamza_en_s01.wav,300,3.300730153284488,0,,3.6,0.29926984671551216
hamza_en_s01.wav,500,3.300730153284488,0,,3.6,0.29926984671551216
hamza_en_s04.wav,100,3.1325339306971367,1,0.300,5.5,2.3674660693028633
hamza_en_s04.wav,300,3.1325339306971367,0,,5.5,2.3674660693028633
hamza_en_s04.wav,500,3.1325339306971367,0,,5.5,2.3674660693028633
hamza_en_s05.wav,100,1.857783612140366,2,"0.300,1.200",4.6,2.7422163878596337
hamza_en_s05.wav,300,1.857783612140366,0,,4.6,2.7422163878596337
hamza_en_s05.wav,500,1.857783612140366,0,,4.6,2.7422163878596337
